title	is_fake	prob_fake
Роскомнадзор представил реестр сочетаний цветов, нежелательных в России	1	0.9774320760648036
Ночью под Минском на президентской горе Беларашмор (Пик Демократии) внезапно появилось лицо Николая Лукашенко	1	0.9992837256210226
Бывший спичрайтер Юрия Лозы рассказал о трудностях работы с Сергеем Шойгу	1	0.8448722447911431
Сельская церковь, собравшая рекордно низкое количество пожертвований, сгорела от тройного попадания молнии	1	0.9972766913401993
Акции Google рухнули после объявления о перезапуске RuTube	1	0.513916385776616
Курс доллара вырос до исторического максимума	0	0.008241787473305798
ОПЕК назвала оптимальный уровень цен на нефть	0	0.0033689322943191873
Российская авиакомпания откроет рейсы в Тбилиси с Урала	0	0.08145882723235046
Швейцарская горнолыжница расстреляна в доме родителей	0	0.3111241042015533
Учреждена театральная премия имени Гарольда Пинтера	0	0.10810510709891691
Песков опроверг информацию о слиянии Минфина и Минэкономразвития	0	0.03488933739252575
В рамках акции «Елка желаний» министр науки и высшего образования исполнил мечту Алисы Тепляковой и подарил ей красный диплом МГУ	1	0.9998496729108709
Главного злодея в сериале «Этерна» сыграет Роман Мадянов	0	0.2617266729951334
Таркан признался в употреблении кокаина	0	0.02374075093138729
В Екатеринбурге завершился «процесс над бесами»	0	0.12903837469624302
Дэниел Крейг поселится в доме с призраками	0	0.11606979078262207
Новый тренер «Спартака» покинет клуб до конца года	0	0.005417075395014469
Биткоин затмил Ким Кардашьян	0	0.22317716984089736
На фоне сообщений о победе «Единой России» на выборах в Госдуму немецкий индекс DAX упал до рекордно низкого уровня	1	0.9991801385583465
Илларионов призвал сменить в России государственное устройство	1	0.8926177494419895
Суд приговорил Навального к трём годам домашнего ареста в СИЗО-1	1	0.9855054843661559
Роберт Стуруа согласился перейти в театр Александра Калягина	0	0.12375287017183141
Слуцкий оценил соперника ЦСКА в Лиге чемпионов	0	0.000719559967437549
Tequilajazzz представит Журнал живого в Икре	0	0.041428391069527205
Все члены КПРФ обязаны принять православие до 1 сентября 2021 года	1	0.9949224613783205
В лонг-лист премии Нос вошли Эдуард Лимонов и Саша Соколов	1	0.5401594838136398
Невакцинированные граждане не смогут проголосовать на выборах в Госдуму	1	0.9928306816446935
Названы лауреаты Финансовой элиты России за пять лет	0	0.10177472498201853
Нафтогаз Украины выплатил часть долга за газ	0	0.0063311627348158735
Чиновники сдадут ЕГЭ по Конституции	1	0.5855976638810633
Майкл Джексон даст серию концертов в Лондоне	0	0.006036791917752911
С 2022 года номера России на «Евровидении» будут утверждаться Госсоветом	1	0.9858960246882026
Суд в Казани признал вкладчиков Finiko невменяемыми и отправил их на принудительное лечение	1	0.9924678074187437
Дональд Трамп открыл счёт в Сбербанке	0	0.2868854793607377
Ubisoft выпустит антологию серии Assassins Creed	0	0.049981320543333714
Писатель рассказал об отношении Люка Скайуокера к геям	0	0.0407154975752152
Ученые записали музыку древнейших звезд Млечного Пути	0	0.01163210878637853
Во время учений в Риге солдаты НАТО распяли русскоговорящего мальчика	1	0.9644273278707926
Козак нашел в России островок стабильности	0	0.06689207037738078
Мэрдок отказался от инвестиций в российский телебизнес	0	0.028804574559248633
Контрабандисты попытались вывезти из России партию артиллерийских снарядов под видом глушителей для Tesla	1	0.9943961265981988
В Грузии нашли 11 780 голосов Трампа, отданных за него на президентских выборах в США	1	0.9871150405677088
Конфликтная ситуация вокруг ОАО Зангас исчерпана	0	0.07530446046950404
Christies устроит экологический аукцион	0	0.02729407031645666
В России запретят репетиторство	1	0.9277712002972606
Apple заблокировала iphone Артемия Лебедева за публикацию «ложных материалов» о Юлии Навальной	1	0.9916770207453529
Конституционный суд признал недействительным манифест об отмене крепостного права	1	0.9634705375104373
Чтение молитвы «Отче наш» на скорость войдёт в обновлённый список нормативов ГТО	1	0.8546865085878453
Показана мумия древнего чиновника	0	0.004937853613817025
Пётр Толстой после победы на думских выборах вернёт потомственное дворянство	1	0.962946477358621
Русская галерея искусств проведет аукцион жанровой живописи	0	0.24939489452594885
В правительстве РФ назвали причиной нехватки инноваций дорогую нефть	0	0.3846633200260296
Илья Ковальчук получил травму колена	0	0.017235528955777374
«Росатом» построит АЭС в Афганистане	0	0.09546748159860573
Анонсирован медиаплеер с 3D-дисплеем	0	0.032057783139854065
Гендиректор Ryanair поблагодарил Белоруссию за «образцовую отработку сигнала о ЧП на борту самолёта»	1	0.9908408970313447
Заместитель мэра латвийского города пожаловался на невозможность реабилитации нацизма	1	0.9701850178281551
Обзор рынков: Google потерял в цене	0	0.010071134952395405
За неделю московские квартиры подорожали на процент	0	0.08690835219294205
«Спартак» пропустил четыре мяча от «Краснодара» в чемпионате России	0	0.05867496991649807
Госдума может приравнять имена нацистских преступников к нецензурной брани	1	0.9334462801057061
Майкл Джексон по-прежнему делит постель с детьми	0	0.0369573719948139
«Лучший коньяк в мире - дагестанский»: в Париже найдены неизвестные письма Наполеона	1	0.8087598762140764
Минпросвещения поддержало необходимость создания списков неблагонадежных подростков	1	0.9085681116326413
Уилл Феррелл поможет Офису пережить уход Стива Карелла	0	0.15486127824176982
Пользователи YouTube без премиум-подписки смогут смотреть только рекламу	1	0.9187292332298869
В Белоруссии задержали группу кавказцев, пытавшихся под видом сирийских беженцев попасть в Польшу	1	0.9955502973963793
Суд оправдал водителя, который ехал с закрытыми глазами, чтобы не видеть Новокузнецк	1	0.9929233857491438
Организаторы боя Ибрагимов — Холифилд привезли Путину чемпионский пояс	0	0.23357939422698334
В Петербурге открылся музей сосулек	0	0.03916230691501259
На игру по книгам Джейн Остин собрали деньги	0	0.04338274647694548
Горбушка пообещала Microsoft окончательно избавиться от пиратов	0	0.0896860245484451
BP назвала Россию виновником снижения мировых запасов нефти	0	0.03824726486793634
Денис Мантуров сообщил о возрождении легкой промышленности в России	0	0.3895708339337049
Казахстан ограничил продажу российской водки и пива	0	0.06135686523700229
Гражданам без московской прописки временно запретят пользоваться столичным метро	1	0.9986648304350265
Гонщик NASCAR назвал свою бывшую девушку наемным убийцей	0	0.03925552696583188
Скончался гитарист Ramones Джонни Рамон	0	0.04388918038054994
Богатейшие люди мира потеряли 11 миллиардов долларов за день	0	0.01396458249326239
В Омске создадут центр ремонта и модернизации танков	0	0.4956662746460176
Кубок Кремля остался без первой ракетки	0	0.0020882277703878327
«Зенит» согласовал трёхлетний контракт с Лионелем Месси	0	0.01798280819713199
Мосарбитраж оставил под арестом акции дочерних компаний ЮКОСа	0	0.07043823376399687
Мексика прекратила поставлять в Россию грузовики ЗИЛ-130 из-за санкций США	0	0.4462099913234395
Производство иномарок в России выросло втрое за десять лет	0	0.1124407238395371
Минздрав разработал методику лечения гомосексуализма	0	0.45319295070162796
Сборная Белоруссии по футболу откажется от турниров под эгидой УЕФА в пользу первенства Азии	0	0.40076711346262023
В Перми откроют курсы моэлей для ищущей себя молодежи	0	0.37844599584480115
В мавзолее состоялись плановые учения по выносу тела Ленина	1	0.7837180012153587
ВМФ России не откажется от аварийной системы пожаротушения на атомных субмаринах	1	0.6714861463136379
Олег Дерипаска пригласил Сергея Лаврова и Настю Рыбку в совместное путешествие на яхте	1	0.8665969288027926
Украина запретила импорт птицы из России	0	0.48741930594963023
ФСИН заберёт за долги гонорары «скопинского маньяка»	1	0.8874144135421279
Найдена самая благоприятная для жизни экзопланета	0	0.010887387100929395
DС Сomics представили нового супергероя Крепкий орешек	0	0.3299107524990323
Пожаловавшуюся на «ржавую» воду из-под крана пенсионерку отключили от водопровода	1	0.9206575009788149
У женщин-военнослужащих начали изымать неуставные бюстгальтеры	1	0.7832481594776828
Общественники предложили разрешить многожёнство в отдельных регионах России	1	0.961143920626
«Вот где настоящее воровство»: Чубайс предложил пересмотреть итоги «грабительской» приватизации жилья	1	0.9995777169793005
Коммунисты заложили первый камень в фундамент храма на месте покушения на В.И.Ленина	1	0.9961010742186212
Работники Deutsche Telekom начали первую забастовку за последние 10 лет	1	0.5954928051062297
Студентам экономических вузов будут объяснять принципы инвестирования на примере сказочных героев	1	0.9615510168125551
На месте поджога газохимического комплекса в Новом Уренгое задержан Николай Десятниченко	1	0.9850129941920613
Леонид Меламед официально стал гендиректором МТС	0	0.30396534999334673
Эротический 3D-фильм Гаспара Ноэ выйдет в российский прокат	0	0.059510188406898874
МЧС начнёт рассылать смс-сообщения с информацией о помощи другим странам	1	0.6716618487283185
Американский актер подал в суд на Википедию	0	0.03524477812270077
Капков попросил у москвичей недорогих идей городского праздника	0	0.4562793208919464
Самовольно расчищавшего дорогу тракториста обвинили в воровстве снега	0	0.4966106970800282
«Вакцина будет только для евреев»: мордовский врач хитростью вакцинировал целый район	1	0.9973624613414604
Лукашенко лишил Мисс Беларуси звания майора КГБ после того, как она не смогла отличить роторную жатку от обмолота	1	0.9998871916247619
ГИБДД определит перечень музыки, разрешённой к прослушиванию в автомобилях	1	0.9781176454407546
Россияне массово вызывают скорую помощь, чтобы поздравить врачей с профессиональным праздником	1	0.9950289589026793
Apple запустила кампанию по обмену зарядных устройств	0	0.23972436760148177
Ультраправые консерваторы потребовали уменьшить сумму компенсации семье Джорджа Флойда с 27 до 22 миллионов долларов	1	0.9948890132160416
Лидер НХЛ проиграл второй матч подряд	0	0.002405966330650943
Минюст признал Сколково иностранным агентом	1	0.8574449745538266
Российское СП купило крупнейший металлургический комбинат Хорватии за 12 центов	1	0.5727355567718202
В китайских провинциях проходят шествия и карнавалы в честь второй годовщины пандемии коронавируса	1	0.9863366316232628
«Цены в сотни раз ниже, чем на Рублёвском шоссе»: министр экономического развития обвинил регионы в демпинге	1	0.9752025121677139
Лейтенант Тайлер из Подводной лодки U-571 сражается с драконами	0	0.2857298187468055
В Санкт-Петербурге пройдет фестиваль аудиовизуального искусства Yota Space	0	0.3981461348822717
Активисты Black Lives Matter вышли на улицы европейских столиц с портретами президента Чада	1	0.918544971376508
Снятие наличных для россиян будет доступно только после предъявления QR-кода	1	0.9945636234897778
Вместе с WTC погибла православная церковь	0	0.0584445788056488
Международный союз биатлонистов обвинили в сокрытии допинг-проб россиян	0	0.19173600939903054
На борьбу с кризисом чиновники потратили 342 миллиарда рублей	0	0.025852613564205804
Армстронг обвинил в употреблении допинга всех велогонщиков	0	0.06221573168966688
Индекс РТС поднялся до максимума с сентября 2008 года	0	0.05936299933731006
В 2001 году пенсии в России возрастут на 40 процентов	0	0.01939656065951689
Time включил Александра Лукашенко в список самых влиятельных людей мира	1	0.8177785529500444
США потерпели первое поражение на чемпионате мира по хоккею	0	0.0034936236685564983
«Первый канал» предложил Ваенге представить Россию на «Евровидении»	1	0.8222753254850773
Фуркад призвал IBU наказать уличенных в употреблении допинга россиян	1	0.752150256845757
Армения попросила у России и трех банков миллиард долларов	0	0.016538887096055888
Ракета Тополь поразила цель в Казахстане	0	0.010712592610995919
Глава Сухого признал задержку с поставками Superjet	0	0.29056841722300875
На детском мероприятии в Ельцин-центре устроили поедание кексов с изображением Сталина	1	0.9729795856901908
Умерла партнерша Рудольфа Нуреева и легенда балета Иветт Шовире	0	0.1417270617539341
В учебниках математики появятся главы, посвящённые Сталинградской битве	1	0.9803923245769063
Железнодорожные тарифы будут едиными для всех	0	0.06754213182239453
Школьницы, родившие ребёнка до выпуска, получат дополнительно 30 баллов ЕГЭ	1	0.9901107334222272
Горечь от потерь России в Сирии навеяла мысли о Калмыкии	1	0.612294947807643
Россиянам разрешат брать продукты из мусорных контейнеров только после предъявления пенсионного удостоверения	1	0.9995628105160916
В Великобритании появились пять двойников Газпрома	0	0.1892131316832534
НХЛ и профсоюз игроков подписали завершивший локаут меморандум	1	0.6037466452846691
Полиция разыскивает более ста шаманов, идущих в сторону Москвы	1	0.845425089046985
Эксперт указал на неназначенный в ворота «Спартака» пенальти в матче с ЦСКА	0	0.17459658339891082
Россия начала разработку универсальной артустановки для ВДВ	0	0.1908695187796151
МВД опубликовало список нежелательных тем для шуток и разошлет его юмористам	1	0.8887981919058014
В воде, которой польские пограничники поливают мигрантов, нашли «Новичок»	1	0.9852026403614058
Актер Федор Добронравов попал в больницу	0	0.023963789074095194
ОАК оставила единственного покупателя без Ту-214	0	0.08894329733027695
В Алтайском крае прошёл митинг за возобновление продажи леса в Китай	1	0.9277889162489905
Рядом с телом Джона Макафи обнаружили визитку Касперского	0	0.1811445747808372
МВД Белоруссии возбудило уголовное дело против Гитлера за срыв 4 посевных и 5 уборочных	1	0.9806813247697924
В России введут штрафы за хранение ртутных градусников	1	0.9785509745351619
Москва передаст Капотню Тамбову	0	0.24660936573611833
МГТУ им. Баумана назовут в честь Сергия Радонежского	1	0.7838647834704677
Пётр Толстой предложил 9 мая светить фонариками в защиту ветеранов	1	0.8876135242998169
Суд оправдал официантов, подмешивавших вакцину от COVID-19 в пиво посетителям бара	1	0.9986987194226918
Мутко опроверг наличие мельдония в допинг-пробах футболисток сборной России	0	0.06729053158776299
Apple замедлит смартфоны белых пользователей	0	0.08719886259596363
Манижа будет выступать на Евровидении под нейтральным флагом	1	0.5930029195659429
Из русского языка убирают слова, необходимые для оппозиционной деятельности	1	0.979511016918855
Европа решила в угоду США перейти на американский газ	0	0.019191508807235726
Роман Абрамович купил лондонский футбольный клуб Челси	0	0.007424666981416685
Halo 3 оказалась прибыльней Человека-паука и Гарри Поттера	0	0.18131070523972231
Основатель Eidos Montreal покинул студию	0	0.016181713253516146
Скончался ветеран Пентагона, создавший плеяду анекдотов про Чапаева	1	0.9667033419818947
Ким Чен Ын подарил Александру Лукашенко бронепоезд для международных поездок	1	0.9942834107392843
Экологи во всем мире заговорили об угрозе глобального похолодания	0	0.10966780875170508
У нас свободная страна: Лукашенко заявил, что не может запретить людям гулять около польской границы	1	0.9995898312436888
Пентагон попытается сбить сошедший с орбиты спутник 21 февраля	1	0.5779127774209543
ОМОН разогнал митинг в поддержку сотрудников ОМОН	1	0.6877655965224476
Подарочные карты iTunes разрешили оплачивать «Яндекс.Деньгами»	1	0.8721984476106269
«Сбербанк» добавил караоке в мобильное приложение	0	0.14564130614436663
Спикер парламента сообщил о начале периода распродаж мест в Госдуме	1	0.7326334267657267
Китайская государственная “Корпорация развития” выкупила у США замороженную с 1990-х годов доменную зону Сибири	1	0.9886360889502787
Начальник полиции Нижневартовска уволен за раскрытие школьникам уязвимых мест ОМОНа	1	0.9602439741583427
В России запретят майонез	1	0.873571497987198
Аккредитация «Панорамы» в Госдуме, новые приключения Петрова и Боширова, борьба с чешской угрозой и запрет алкоголя на майские праздники в нашей еженедельной рубрике «Панорама недели»	1	0.9999996538326003
ЕСПЧ обязал Роскомнадзор ускорить Twitter на два месяца	1	0.9533151551465224
Компаниям из России придется вернуть 45 миллиардов долларов долгов за три месяца	0	0.20083742211525432
Гран-при фестиваля КРОК получил французский мультфильм	0	0.06529600173758766
Россия оставила закрытой тему ЗСТ между Украиной и ЕС	0	0.08310409748375425
Станислав Черчесов возглавит список «Родины» на выборах в Госдуму	1	0.995043001489071
Борьбу с глобальным потеплением признали экономически невыгодной	1	0.6728455646963714
Во льдах Антарктиды нашли замороженного человека в форме ефрейтора Третьего рейха	1	0.544936865669696
В аргентинской провинции нашли похищенную скрипку Страдивари	0	0.2695123057950414
Спасатели нашли обломки самолета певицы Риверы	0	0.16357017370252472
РПЦ назначила Максима Шевченко новым архиереем Бакинской епархии	1	0.9386365926191664
МЭА спрогнозировало рост цен на нефть после 2017 года	0	0.016264980351725238
Околоземное пространство предложили чистить лазером	0	0.208673254165891
К российским олимпийцам впервые с 1988 года приставят компетентных сотрудников	1	0.7340856659913164
Британская легкоатлетка выиграла 91 тысячу с девяти долларов	0	0.032174944275607666
Лебеди из покрышек, балкон-склад, отсутствие толерантности и другие полезные лайфхаки для необразованного Запада	1	0.9981642158059622
Путин представил кандидатуру Набиуллиной для назначения главой ЦБ на второй срок	1	0.5343917357070966
Доллар упал ниже 53 рублей	0	0.002980238655920781
ДНК возьмется за темную материю	0	0.008063458777563072
Россия поможет Филиппинам пережить войну в Персидском заливе	1	0.7252772132047978
«Американского психопата» превратили в бродвейский мюзикл	0	0.06350407135058338
Московских проституток обязали тестировать клиентов на COVID-19	1	0.8959078720139992
РАЕН установила, что Израиль управляется евреями	1	0.8552146184258134
Улицу у посольства США в Москве переименуют в честь Ли Харви Освальда	1	0.9808512176949681
Ученые оценили число разумных цивилизаций во Вселенной	0	0.0656811360598024
Китай снимает запрет на поедание сырых летучих мышей для вакцинированных от COVID-19	1	0.9910520390566284
Китайский ЦБ снизил базовую ставку для борьбы с кризисом	0	0.01367961066258526
Обладателей Русского Букера приравняли к нобелиатам	0	0.1736304007866747
В России могут вернуть раздельное обучение в школах	1	0.8071311866555969
Баллы России на «Евровидении» будут распределены между пострадавшими от её действий странами	1	0.9931027156270734
«Газпром» объявил тарифы на бесплатную газификацию частных домов	1	0.7515030738970179
Новый адвокат Навального попросил суд изменить условное наказание на реальное	1	0.9698927764709456
«Маразм крепчал»: Дмитрий Киселев покажет документальный фильм о старческой деменции Байдена	1	0.9963513690338597
Навальный приобрёл виллу на берегу озера Комо	1	0.660810522102066
Россиян обяжут пересдавать на водительские права каждые 5 лет	1	0.9925993445096764
Из-за аварии на деньгохранилище «Норникеля» в озеро Пясино попало 26 миллиардов рублей	0	0.4217219860524551
Московская школа закупила тренажёры Кегеля для уроков физкультуры	1	0.9064685475194781
Главу итальянского партнера «Сухого» арестовали за взятки	0	0.264773931382551
В Екатеринбурге врачи отрезали ногу пациенту с ветрянкой, а затем провели уникальную операцию по ее пришиванию	1	0.9988070498007038
Microsoft обнародовала цену и дату релиза консоли Xbox One	0	0.013777185182704196
Московские власти подарят ветеранам на 9 мая бесплатные билеты в экстрим-парк	1	0.9766979289738914
Посольство КНДР требует изменить дизайн противопожарных плакатов из-за «недопустимых намёков»	1	0.983666872516656
Голодец попросила Путина повысить МРОТ	0	0.06157984899827906
Глава Отдела внешних сношений РПЦ провёл крестный ход против коронавируса в Ницце	1	0.9808916501223964
В связи с беспрецедентными туманами Сергей Лавров пригласил президента Польши посетить Москву	1	0.9948128252113917
Белоруссия отказалась вводить альтернативные торги валютой	0	0.22287077639962163
Плесневые грибы оказались способны к сексу	0	0.05412929663745739
Налоговики России и Австралии обещали не обирать олимпийцев	0	0.10955161440796929
ВЦИОМ: «Большинство россиян высказались за увеличение пенсионного возраста»	1	0.9746265116006341
Владимир Путин пообещал Константину Цзю помочь с изданием книги	1	0.7753520446497537
Пенсионный фонд станет наследником первой очереди	0	0.17520803990238865
IBM представила интеллектуальную корпоративную информационную систему	0	0.3251087671481361
Акции Sothebys за месяц упали на 25 процентов	0	0.014450489347722308
Минсельхоз ограничит экспорт ячменя пошлиной	0	0.023786411133116955
Западная технология для разложения России: на шоу Соловьёва призвали отказаться от идей демократии	1	0.9957563192596276
Спартак предложил Романцеву остаться	0	0.0026470592700762207
Центр Гамалеи запустит в Москве мобильные пункты вакцинации ГамВаген	1	0.9378993271222634
Астронавты шаттла Индевор завершили второй выход в открытый космос	0	0.08872465343328866
Волонтёрам переписи населения разрешат вскрывать двери	1	0.6720817094700529
Американская футболистка обвинила в домогательствах 81-летнего Блаттера	0	0.35066527133060826
Бретт Ратнер отказался продюсировать церемонию вручения Оскаров	0	0.07733420195805614
Глава российской погранслужбы сообщил о полной готовности к наплыву беженцев из Европы	1	0.7482533105435284
Мадридский золотой треугольник искусств установил рекорд	0	0.05507627848013793
В Думе утвердили список веских причин для преклонения колен на территории РФ	1	0.9187999868662355
Карякин проиграл в первом матче на чемпионате мира по рапиду и блицу	0	0.00506401375723086
Обнаружен новый тип «липовых» бюро кредитных историй	0	0.15433285196492502
Посольство Узбекистана не мешало Борису Акунину въехать в страну	1	0.5035203177202211
Сотрудников ФБК проверят на причастность к исчезновению Александра Мураховского	1	0.9288567837740652
Для борьбы с клещевым энцефалитом в России увеличат вырубку лесов	1	0.5470027141069489
Пенсионеры, не получившие подарочных карт на выборах, готовятся штурмовать Свердловский облизбирком	1	0.9996113203416499
Испытания роботокомлекса «Турель» в ДНР попали на видео	0	0.12763324982198926
Клуб болельщиков Динамо прекратил прием новых членов	0	0.002629763935512454
Google извинился за баг с исчезновением Израиля с сервисных карт компании	1	0.8702210736873716
В Ульяновской области дети получат овощную корзину вместо сладких подарков	1	0.8933976475629715
В Москве похоронили Людмилу Гурченко	0	0.08661914687764623
В польских школах запретили изучать деление	1	0.8468168895980612
Европа пригрозила Греции экономическими санкциями	0	0.0018663825113595445
«Роскосмос» анонсировал перестройку космодрома Восточный под TikTok-хаус	1	0.9500083940565462
В России на законодательном уровне запретят критиковать цены	1	0.68541698411285
Партия запретила миллиарду китайцев смотреть на Анджелину Джоли	1	0.7448500365500138
Роскосмос планирует перейти на пуски в Minecraft	1	0.5385346763225863
Рогозин пообещал распилить МКС перед затоплением в океане	0	0.36140633282187984
Определились четвертьфинальные пары хоккейного турнира на Олимпиаде	0	0.35740972216018385
Две подлодки типа Щука доставили на утилизацию на нидерландском судне	1	0.5310389343720283
Велосипедисты без страховых полисов ответят по закону	0	0.33302507207714266
Четвертый фильм о Гарри Поттере покажут сразу в двух форматах	0	0.03404853437624315
Россия наращивает поставки ракет класса «земля-воздух» в Турцию	0	0.14954716165848678
Влияние мобильных телефонов на рак показали на крысах	0	0.0427522639035353
Роуэн Аткинсон сыграет Боширова в сериале Netflix «Прага – Солсбери»	1	0.9098483558710403
Началась работа над бродвейским мюзиклом о Кинг-Конге	0	0.08815588224962564
Нурмагомедов выдвинул UFC ультиматум	0	0.030430639820195157
Плющенко устроил дрифт на снегоходе	0	0.017924277517402824
Правнук Берии подал иск о плагиате к создателям аниме «Тетрадь смерти»*	0	0.11319413161349827
«Росатом» опроверг слухи об ограничении коммерческих поставок урана в США	0	0.08897281424777946
Банк России резко поднял курсы доллара и евро	0	0.009420661983032878
Описан механизм уничтожения аборигенов и экосистем Америки	0	0.08499401649050446
Создатели «Веселой фермы» сделали игру о елочных украшениях	0	0.031035948379362986
Гимнастка из Узбекистана поехала на Чемпионат мира, чтобы спасти больного сына	0	0.3220637404532566
Нападение Байдена на Россию, годовщина Крымской весны, демонтаж камеры фиксации нарушений ПДД на Рублёвке и русский борщ в нашей еженедельной рубрике «Панорама недели»	1	0.9999997101436041
Милан Кундера стал почетным гражданином Брно	1	0.661275424322561
Украина нашла средства для расчета с Газпромом	0	0.016184297461514726
ФАС изучит пасьянс «Косынка» на предмет возникновения нерешаемых раскладов	0	0.4756133940205224
Мария Шарапова выиграла первый турнир в сезоне	0	0.011367793737130977
Футболист Арсенала выбыл из строя до конца сезона	0	0.020096424667856178
ЕСПЧ признан нежелательной организацией на территории РФ	1	0.9753628986040463
Каспаров и Крамник догоняют Широва	0	0.020169053605604566
МОК включил в программу зимних Олимпиад четыре новые дисциплины	0	0.4675381992123831
Спартак стал победителем турнира Efes Pilsen Cup	0	0.010343221104778751
Нефть дорожает из-за холодов в США	0	0.0027110872485435196
На ж/д переезде Рублево-Успенского шоссе установили шлагбаумы для поездов	1	0.7903243006181104
Китайские фанаты напали на тренера футбольной сборной	0	0.006242479692624105
Приостановка полетов японских «Лайнеров мечты» обвалила акции Boeing	0	0.20167004234685343
У полицейского в Хабаровском крае изъяли остров, принадлежащий Китаю c 2016 года	1	0.9966910514098555
Гонкуровская премия досталась афганскому писателю	0	0.06871290727310923
На сайте ФСИН появилась вакансия палача	1	0.9148770995487837
Минпросвещения объявило об отмене выходных для школьников на майские праздники	1	0.9352402082170065
В Кургане начали подбрасывать отраву в мусорные баки для борьбы с пенсионерами, растаскивающими мусор	1	0.9978556952498995
В длинный список Бунинской премии вошли 60 книг	0	0.4169786427235079
Лукашенко приказал отправить белорусских футболистов на урановые рудники	1	0.9164570891389505
Работающих во время «нерабочих» дней москвичей принудительно вакцинируют от коронавируса	1	0.9996355679071166
Для концерта «Океана Ельзи» в Петербурге нашлась площадка	0	0.199104889196789
С этого всё начинается: Яровая предложила запретить россиянам покупать виртуальное оружие в играх	1	0.9979564692410867
Трамп отчитался об экономической победе над Китаем	0	0.05223298367876835
За ношение символики ФБК введут уголовную ответственность	1	0.9669124741752484
«Реал» включил футболиста сборной России в заявку на Лигу чемпионов	0	0.040673653449039796
«Должно быть в каждом субъекте Федерации»: Минобороны планирует увеличить количество Суворовских училищ	1	0.997701185781017
Мария Бутина не сможет избираться в Госдуму из-за судимости	1	0.6912763671516968
Минздрав: «Дефицита чипов у нас пока нет, склады заполнены с запасом»	1	0.8991077021974243
Минфин предложил уволить каждого пятого федерального чиновника	0	0.19012381640493595
Трансгендер, участвовавший в захвате Капитолия, оправдан и выпущен на свободу	1	0.9890931938400419
Дочка Рособоронэкспорта займется авиаперевозками	0	0.013978574963249462
Учителей обяжут заплатить налог за каждый подаренный им букет	1	0.9163151679255152
Эминема пригласили на церемонию введения в Зал славы рок-н-ролла	0	0.20309357609065348
Минэкономразвития дало свою оценку по спаду промпроизводства в октябре	0	0.11397123721068443
Грета Тунберг подала в суд на стокгольмскую ТЭЦ из-за сосулек в своей квартире	1	0.9788387177333794
Отец Нурмагомедова простил Макгрегора	0	0.00842678086106803
Электронный Воннегут опередит бумажного	0	0.02941464362631101
Кубок Федерации по теннису выиграли итальянки	0	0.020331984544196893
Дональду Трампу заблокировали счета в Сбербанке	1	0.6434706383616995
ВЦИОМ: 77 процентов российских феминисток лишь притворяются феминистками	1	0.7371523091302759
В Москве на Signal Dome выступят Ancient Methods	1	0.5313488328214805
Дефицит бюджета США достиг 666 миллиардов долларов	0	0.006587344847216185
Итальянская фирма Cristofari опровегла информацию о туалетном ёршике за 700 евро	0	0.498341432264966
Blizzard анонсировала игру Diablo III	0	0.006197294864301176
Американский аналитик: «Набиуллина мешает порвать нам в клочья российскую экономику»	1	0.7227904444323485
Роскомнадзор уберёт из учебников истории изображения Шарля де Голля	1	0.9340264842405109
Спортивным директором РФС стал Николай Писарев	0	0.2190816180451732
Вышел первый трейлер нового фильма Вачовски	0	0.0013796716962888957
Акции Apple побили исторический рекорд	0	0.002498023733312615
Ющенко обвинил Россию в монополизации рынка ядерного топлива	0	0.04810536022384734
Несовершеннолетним запретят перекрашивать волосы	1	0.5322442319078123
Победившая Медведеву российская фигуристка вновь стала лидером Гран-при	0	0.3165781470991777
В честь 30-летнего юбилея екатеринбургскому метрополитену подарили храм	1	0.9200723831164427
ВКС России по просьбе запрещённой террористической группировки Талибан проведут антитеррористическую операцию против мятежников в Панджшерском ущелье	1	0.9999946784636304
На время наводнения Крым признают украинским	0	0.04773783360216447
Певица Manizha станет обликом России на ВДНХ	0	0.46798510759502243
Генетики научились считать молекулы ДНК и РНК	0	0.04311955343066215
Еврокомиссар назвал российский газовый сектор неподходящим для санкций	0	0.30502037720383157
Киев обратился к ЮНЕСКО с просьбой получить право называть борщ украинским	1	0.6865248691046544
МВД пообещало 8 марта не реагировать на все сообщения о домашнем насилии женщин в отношении мужчин	1	0.9785076250918467
Иллюстрации к книгам про Винни Пуха выставят на аукцион	0	0.4746609324988372
Объявлена дата начала продаж в России самого тонкого смартфона	0	0.22202231588150906
Евровидение выделило квоту на призовые места для чернокожих исполнителей	1	0.7786579889013087
Социальная сеть Вконтакте откажется от текстового ввода	1	0.5161808637973433
Лидеру Манчестер Юнайтед разбили лицо в матче с Ромой	0	0.05709913045439508
Шойгу обратится с новогодним поздравлением к россиянам из Киева	1	0.8864405656386245
В России введут штрафы за кашель и чиханье в общественных местах	1	0.9835947399269263
Северокорейская вона стала первой в новейшей истории валютой, полностью обеспеченной золотом	1	0.9356206781474362
После ухода из Кирова «Победы» подорожали железнодорожные билеты	0	0.3680577771032787
Британская армия получила новые эвакуаторы	0	0.007202092098713766
Работникам государственных предприятий разрешат выдать годовую премию спиртными напитками	1	0.971647462205763
Петров и Боширов стали членами Общественной палаты России	1	0.6911688032298738
Умер бывший тренер сборной Италии Энцо Беарзот	0	0.0009969804455309834
Знаменитый бразильский футболист Ромарио объявлен в розыск	0	0.06730556708995022
В России учредили День работника сайта «Госуслуги»	1	0.8441147582079005
Решение о возвращении государству Столичной водки вступило в силу	0	0.3290136055405956
2021 год объявлен годом прав и свобод человека в России	1	0.9499650765508895
«Зенит» разгромил тульский «Арсенал» в первом туре чемпионата России	0	0.10999740310058732
Тимченко разрешили вложиться в краснодарские яблоки	0	0.3138922090136103
Потерянный лунный камень обнаружился в кабинете губернатора Гавайев	1	0.6099144288395897
Минюст объявил о ликвидации основанного В.И.Лениным «Общества чистых тарелок»	1	0.9888829300140433
В РПЦ предложили перенести Новый год на 13 января	1	0.9603292777489322
Квентин Тарантино объявил себя наследником Эдисона	0	0.1562458565784669
Ангела Меркель предложила выплатить пенсионерам и военным по 2000 евро накануне выборов в Бундестаг	1	0.9950316828858218
«Правильно говорить здешний»: в Институте русского языка утвердили новое название тутового шелкопряда	1	0.9946265697722918
Микроавтобусы УАЗ с 2022 года получат освещение салона	1	0.7258112010166227
Санкт-Петербург вводит QR-коды для посещения пунктов вакцинации	1	0.9854430683581572
CD Projekt RED опровергла прекращение разработки серии «Ведьмак»	0	0.049551161074981316
На хакерском конкурсе взломали iPhone 4S и Galaxy S III	0	0.44427848966126593
Создатель Восставшего из ада сделает его римейк	0	0.025263931507879044
Великобритания предложила обменять Навального на Скрипаля	1	0.9247587183524563
Сбербанк будет выдавать потребительский кредит на смену пола	1	0.5484836061332278
Lexus объявил о создании летающей доски-ховерборда	0	0.13284135056421897
Элайджа Вуд поможет Вину Дизелю в охоте на ведьм	0	0.09298006732129985
Акции ЗАО Российская федерация восстанавливаются на фоне окончания протестов	1	0.8503449340065561
Обзор рынков: акции Microsoft подешевели на шесть процентов	0	0.007235102776526663
Станислав Черчесов: «Готов возглавить сборную Англии»	1	0.6914851523448307
Оскар 2007: Сценариста Маленькой мисс Счастье признали лучшим	0	0.3353913042637254
Форсирование науки как метод поднятия с колен	0	0.23204105085924084
Лучшую мать Кореи поместили на банкноту	0	0.023521683733931664
Министерство просвещения запретило перегородки в школьных туалетах	1	0.9495399661170053
Новогодние выходные сократят до трёх дней	0	0.3167268276120902
В Сибири запретят всю непищевую продукцию со спиртом	1	0.6397655406802549
Комитет Госдумы по шахматам даст правовую оценку ходам Яна Непомнящего в партии с Магнусом Карлсеном	1	0.995627391665627
На праймериз «Единой России» зарегистрировалось полмиллиона сторонников Навального	1	0.9877984838671919
При регистрации в Twitter россиян автоматически подпишут на аккаунт Навального	1	0.9978805046102258
Названы лауреаты премии Триумф за 2002 год	0	0.009843005008693726
На фестивале KUBANA выступит Михаил Боярский	0	0.09989437919699805
Новый альбом Эми Уайнхаус выйдет в декабре 2011 года	0	0.045708423613889416
В России появится новая категория льготников дети 90-х	1	0.7187498993072283
Правительство распорядилось о выплатах по старым вкладам	0	0.39122989765072713
В марсианской сере нашли следы жизни	0	0.01184228687451347
МОК обосновал пожизненное отстранение олимпийского чемпиона Сочи Зубкова	0	0.12396878822827234
Жириновский закончил встречу с избирателями лозунгом За Единую Россию!	1	0.902515209465188
Чиновники передадут недоеденные продукты с новогодних банкетов пенсионерам и многодетным семьям	1	0.9995308698943187
#РИФМЫ НЕДЕЛИ	0	0.01953482282221089
«Глазоньки узковаты, но цвет кожи белый»: Байден исключил японцев из списка угнетенных	1	0.9996515957727352
Gearbox Software перезапустит Дюка Нюкема	0	0.07208001701237582
26 апреля — премьера марихуанной комедии Спасите Грейс!	0	0.1233281627508292
Игорь Коротченко: «Дали американцам пинок под зад»	0	0.28921162174471127
Неизвестный передал пропавший портрет на выставку	0	0.06332610351829097
В 2009 году РВСН запустят 14 баллистических ракет	0	0.14232376513710332
Американцу, по ошибке отсидевшему 15 лет за плевок в полицейского, выплатят 1000 долларов	1	0.9947457672223782
Российской фигуристке попала в рот муха во время танца	0	0.04644376225984206
Путин и Байден договорились о следующей встрече на вилле в Геленджике	1	0.661132210636411
Пентагон подарил Аркадию Бабченко на 23 февраля два часа катания на танке «Абрамс»	1	0.9826463866256261
Самолёт Джо Байдена прилетит на встречу с Путиным через Белоруссию	1	0.9566333517961266
С авианесущего крейсера «Адмирал Кузнецов» похищена защита от дурака	1	0.7455100514114911
МВФ ищет мошенников, которые под видом сотрудников Центробанка выманили 40 млрд долларов	1	0.9762193985838723
Чемпионат Турции приостановлен из-за обстрела автобуса «Фенербахче»	0	0.04938513346145878
Россияне обрушили цены на iPhone X	0	0.08757977514120528
ГАЗ перестанет выпускать автомобили под маркой Соболь	1	0.7318227040919765
Победа сборной России на ЧМ лишит Дмитрия Маликова волос	0	0.3044040480781811
Новую часть WWE выпустят в октябре	0	0.02004007510428705
Выход Grand Theft Auto V на PC снова отложили	0	0.012807682050486142
Экономика ЕС растет медленнее США и быстрее Японии	0	0.010939217390159987
Британцы подготовили к испытаниям подводную лодку нового поколения	0	0.3284736353638286
В рамках совместного проекта Минкульта и Минюста судебные заседания будут проходить под классическую музыку	1	0.9800785254730354
Имущество разоблачённых гомосексуалистов может быть передано соседям-доносчикам	1	0.9572676446960718
Минобороны обеспокоено нехваткой в России памятников маршалу Жукову	1	0.7986262845690308
Президентов иностранных государств в российских СМИ с 2022 года будут называть главами республик	1	0.9957665009084051
Алексея Навального проверят на причастность к убийству Бориса Немцова	1	0.8959022331565547
В Барнауле осудили пенсионера, назвавшего российский флаг власовской тряпкой	1	0.9386750768623426
Химфак МГУ начнёт подготовку барист	0	0.18996176043011523
Челси не воспользовался осечкой Манчестер Юнайтед	0	0.03808966611474799
Google подала кассационную жалобу на решения судов в пользу ФАС	0	0.11092885938059921
В России отменят право на отказ от прививок и создадут вооружённые прививочные патрули	1	0.9970676173449478
Футболист променял «Барселону» на вино в Китае	0	0.02446950237993364
Более 100 граждан России подали заявление о смене фамилии Навальный	1	0.9714542395629157
Медведев назвал условия сокращения расходов бюджета в 2009 году	0	0.19862601713405484
В России проведут месячник борьбы с бедностью	0	0.24342544859944007
Белым американцам откачают вакцину в пользу чернокожих и азиатов	1	0.8653625518886363
Рэпер Face объявил себя врагом государства и сравнил Россию с зоной	1	0.7680470361873624
Александр Емельяненко нокаутировал бразильца за два раунда	0	0.2567971782970215
IKEA предоставит российским однополым парам скидки 30%	0	0.27777761170593024
Над формирующейся звездной системой идет дождь	0	0.03727833662546522
Акции Pandora рухнули на 65 процентов	0	0.015942835753933654
Игры по мотивам новых фильмов вышли в топ App Store еще до премьер	0	0.1746025515345008
Священников будут привлекать к ответственности за недостаточно качественное освящение космических объектов	1	0.9952860941238904
YouTube заблокирует каждый десятый канал на русском языке	1	0.9450015702470959
В США подросток раскопал свыше 200 могил за год, чтобы превратить их обитателей в зомби	1	0.9440687301000272
В Казахстане открылся первый концентрационный лагерь перевоспитания «Насвау»	1	0.5506657723971328
Бывший совладелец «Эльдорадо» пожаловался Фридману на Альфа-банк	0	0.04997454729154457
«Это моральная победа!»: Явлинский поблагодарил всех сторонников Навального, кто не голосовал за «Яблоко»	1	0.999924244489697
Аэрофлот покупает 18 самолетов А-320	0	0.07955572384221231
Госжилинспекция начнёт штрафовать россиян за ковры, висящие на стенах	1	0.9844763777159008
Байден не исключает возможности проведения тайной инаугурации	1	0.7801070043774073
Терешкова предложила законопроект, позволяющий президенту назначать до 51% депутатов Госдумы	1	0.9979471865146358
Disney переименует Дональда Дака в Джозефа	1	0.5300747922662317
Россия из-за критики передумала отправлять Manizha на «Евровидение». Вместо неё поедет группа Васи Ложкина «Эбонитовый колотун»	1	0.999800828820085
Sony анонсировала скорострельную 3D-видеокамеру	0	0.048355208822344
Россиянам рассказали о преимуществах рапсового масла перед оливковым	1	0.8608803612736531
Минобрнауки запретило выдавать аттестаты выпускникам без сертификата о прохождении вакцинации против коронавируса	1	0.99986467806237
В Сибири закрылся единственный завод по производству палочек для мороженого	1	0.5174455071139475
ЕС готов предоставить безвизовый режим российским «иностранным агентам»	1	0.6165373650920273
Предзаказы S.T.A.L.K.E.R. 2 вывели украинский госбюджет в профицит по итогам 2020 года	1	0.9999526653785861
Американские фондовые индексы выросли	0	0.0010450910787277844
Россия поможет Ирану восстановить работу часов, отсчитывающих время до уничтожения Израиля	1	0.993725553726473
Оклахома вышла в финал плей-офф НБА	0	0.003705735473856916
Задержанных на митинге будут принудительно прививать от коронавируса	1	0.9957036501897744
Курс евро превысил отметку 95 центов	0	0.002947640322559846
РАН рекомендовала историкам воздержаться от упоминания национальностей деятелей Гражданской войны	1	0.9804316678760626
iOS 16 будет автоматически удалять с телефонов “неприемлемый” контент	0	0.4228945682526504
Голодец сообщила подробности пенсионной реформы	0	0.031200920170087503
В Думе составили список требований к «настоящему» россиянину	1	0.7521052940815403
Госдума ратифицировала договор о техпомощи ООН	0	0.49015727271953247
В ДТП в Нигерии погибли 15 футболистов	0	0.009425996338308226
«Только советский человек может взять Интернационал»: Зюганов заявил о решающей роли советского образования в победе Team Spirit	1	0.999914153318595
В Yakuza 5 появится новый город	0	0.43631849491784125
Биологи нашли способ остановить старение сердца	0	0.030132807013007735
Пенсионерам выплатят по 500 рублей за обещание не смотреть расследование о Володине	1	0.9168036353299716
Минстрой предложил уравнять стоимость недвижимости в Москве и регионах	1	0.7291774578074464
Холифилд проведет бой с 45-летним датчанином	0	0.08430395866902492
Приток капиталов в Россию к концу года превысит вывоз на 20 миллиардов долларов	1	0.5785673082830276
«Газпром» договорился с Shell о добыче углеводородов в Арктике	0	0.027867781222003094
Бюджетники, добавившие карту «Мир» на iPhone, будут лишены льгот	1	0.8948146308188927
Памфилова рассказала, как не позволила украсть победу Путина в 2018 году	1	0.8116737301101006
К 2005 году у Джулии Робертс будет двойня и 12 друзей Оушена	1	0.6612189504250279
Играющим против России в компьютерных играх запретят избираться в депутаты	1	0.9280503549975123
Доказана смертельная опасность соли	0	0.007404675182970506
Российские продажи Metal Gear Solid 4 начнутся вечером 20 июня	1	0.5904060315031444
Китай скопировал российский истребитель Су-27	0	0.04496168009670348
Национальная академия наук США будет сотрудничать с Голливудом	0	0.1258382462813972
Астроном предлагает изменить определение астрономической единицы	0	0.4764485200051811
Нидерланды распродают часть парка F-16	0	0.007338911027870087
Робин Уильямс успел завершить работу над четырьмя новыми фильмами	0	0.11641366719364644
Членов казачьих сообществ освободят от платы за услуги вытрезвителей	1	0.9232557492618626
Вакцина для евреев, ушедший со свадьбы жених, юбилей Компартии КНР и остроумные ответы Путина в нашей традиционной рубрике «Панорама недели»	1	0.999990344343317
Жителю Тулы по ошибке выдали QR-код от алкоголизма	1	0.9570359687078952
Получение PayPal лицензии ЦБ не подтвердилось	0	0.018552981322956245
В Белоруссии заблокируют YouTube за отказ продвигать в тренды двухчасовой фильм о планах Запада по срыву посевной	1	0.9971305235163123
Главным тренером сборной России по волейболу стал серб Зоран Гайич	0	0.369675047696766
Минпромторг разрешил российским производителям клеить на свои бутылки этикетки Moët & Chandon и Hennessy	1	0.9854158945615675
iPhone 3G без SIM-карты в России продавать не будут	0	0.4994589913059097
МОК объявил о переносе Олимпиады из Токио в Геленджик	1	0.5681698464457351
Приток средств в российские ПИФы вырос втрое	0	0.005963263638143506
Улюкаев допустил пересмотр прогноза экономического развития России	0	0.04250947180828922
Россиян призвали не реагировать бурно на падение курса рубля	1	0.8187921638543892
Программа «Квартирный вопрос» проведёт реновацию в подвале «скопинского маньяка»	1	0.9914813019449733
Для посещения Краснодарского края туристов обяжут носить красную звезду	1	0.8597047414639797
Ростовские психиатры пытаются помочь юноше, возомнившему себя Владимиром Соловьёвым	1	0.9705595080907204
Инвесторы начали платить 155 долларов за баррель нефти	0	0.03919386818380696
Чиновники предложили принудительно утилизировать японские б/у авто из-за несоответствия российским стандартам качества	1	0.9969119850525704
МЧС подтвердило запрет на использование свечей от геморроя в жилых помещениях	1	0.7075382320644112
Александр Лебедев уволился из собственного банка	0	0.012984710369382023
Сборная России проиграла на Чемпионате мира по хоккею второй матч подряд	0	0.00931759115298591
Терешкова выступит с инициативой о преобразовании РФ в Российскую империю	1	0.9057995075593508
QR-коды москвичей отсканируют при покупке товаров и услуг	1	0.8992159391666711
Роман Полански пропустит Берлинский кинофестиваль	0	0.023052921452982992
Дизайн Halo 4 поручили создателю Killzone	0	0.010480070550613747
Россиян вновь захотели ограничить в энергопотреблении	0	0.07920969284460523
Французские исследователи обнаружили в древнегреческих мифах упоминание богини бодипозитива	1	0.8586324757438905
Samsung провалила своевременные поставки Galaxy S8	0	0.057885072050165826
США будут добиваться санкций против Центробанка Ирана	0	0.07895723349948217
В США разработали высокоточный метод 3D-печати стекла	0	0.3010517348537737
Создатель Людей в черном сделает из Джима Кэрри гангстера	0	0.09986888774243706
MGM попросила у акционеров денег на Хоббита	0	0.013176782091281057
Российских учёных, находящихся в местах лишения свободы, соберут в «научной колонии»	1	0.9916139128547241
Лучший снайпер ЦСКА покинул команду	0	0.0018289299881583845
Эстония запустила первый спутник	0	0.030627287719052057
Суд отменил дисквалификацию российской легкоатлетки из-за срока давности	0	0.4639308433525227
Зенит разгромил Крылья Советов	0	0.004459015420498386
«2 Tesla за биткоин — это лохотрон»: Чубайс раскритиковал Илона Маска	1	0.9899917091954873
Малайзия установит пулеметы и ракеты на вертолеты A109H	0	0.06486335407177067
Россия не захотела вернуть себе иконостас из Соловецкого монастыря	1	0.6824356691703821
ЦИК: «Наименьшее количество нарушений было зафиксировано на участках без наблюдателей»	1	0.9485960589362327
Комитет Госдумы поддержал введение штрафов за разглашение информации об увиденном на митингах	1	0.9906457428096531
Израильские военные сбили сани Санта Клауса, перепутав их с крылатой ракетой	1	0.9248140259238313
Депутат Госдумы раскритиковал россиян за тягу к дешёвым автомобилям	1	0.9844523098336265
С 1 января россиянам запретят использовать выгребные ямы	1	0.987369454620234
«Талибан»* проспонсирует строительство Главной мечети Вооружённых сил РФ	1	0.9614443891151266
Генпрокуратура России передала Франции материалы о коррупции в IAAF	1	0.9565315667553735
Доцент Соколов осудил поступок петербуржца, повесившего свой портрет в Эрмитаже	1	0.9635450331120174
Сердюков признался, что является сооснователем сервиса Avito	0	0.29897436418180906
Россиян будут штрафовать за отсутствие канализации	1	0.9426614738172701
Нидерландская FrieslandCampina прекратила выпуск сыра для России	0	0.42977707349951133
В Швеции насильно выдали замуж уроженца Дагестана	1	0.6377793037865483
На Лубянской площади установят памятники всем главам органов госбезопасности до 1999 года	1	0.9476884949229891
В России начали блокировать банковские карты со слишком низкими зарплатами	1	0.7948811645455622
Разочарование в экономике США спровоцировало рост цен на золото	0	0.04191244416488101
Правительство решило играть против рубля	0	0.03367430552817856
Кеосаян снимет сериал о штурме дома «мытищинского стрелка»	1	0.8327096666490142
К участникам и зрителям шоу «Голос» пришла полиция	0	0.3774186236495714
Исинбаева на личные деньги построила спортплощадку для детей-инвалидов	1	0.6371344761253623
В отношении YouTube начата проверка на предмет реабилитации нацизма	1	0.8512764032486697
Активные члены Юнармии получат статус ветеранов Великой Отечественной войны	1	0.9644871309922111
Римейк Птиц не будет базироваться на фильме Хичкока	0	0.11902830067467692
Ян Симеринк — жертва россиянина Давыденко	0	0.4401417326105757
В России запретят привлекать заключённых к видеофиксации пыток в тюрьмах и колониях	1	0.9802353488265114
Ученые обнаружили паука-вегетарианца	0	0.028600667862658163
Кличко подвел итог боя с Хэем без единого слова	0	0.21376797640756579
С должников обанкротившегося банка взыскали два миллиарда рублей	0	0.06146667167909212
«Лягушатникам лучше не нарываться»: Мария Захарова поставила на место французских провокаторов, затеявших скандал с шампанским	1	0.9989545716862654
Портрет Путина месяц провисел в отеле Трампа как ни в чем не бывало	1	0.6075219288106635
Пашинян приказал вернуть Ноев ковчег в состав флота Армении	1	0.7058822932001899
Аналитики спрогнозировали рост акций «Роснефти»	0	0.037370246874255886
Вместо «дальневосточного гектара» депутатам Госдумы по ошибке выделили земельные участки на берегу Красного моря	1	0.9995757988321983
Лесосибирский священник назвал божьей карой обрушение стеллажей с алкоголем на складе в Красноярске	1	0.9701344900186063
Полиция разыскивает мошенников, продававших QR-коды для попадания в рай	1	0.9874382341860798
Сергей Гимаев назвал виновника ухода Набокова из СКА	0	0.05933311598831113
Роскачество: наушники AirPods 3 снижают качество звука при воспроизведении музыки на русском языке	1	0.9962513154558124
Госдума приняла в первом чтении закон о запрете отрицания исторически сложившихся взглядов	1	0.9869420404451041
Родителям запретят будить детей по утрам	1	0.5796265389747931
39-летняя жительница Саратова стала первым человеком на Земле, прошедшим игру The Sims 2	1	0.935350104951525
Министерство просвещения советует учителям сознательно делать ошибки для проверки знаний школьников	1	0.9931628281103346
В рамках борьбы против гендерной дискриминации в ЕС запретят писсуары	0	0.4965039520296549
Главный тренер Динамо Иво Вортманн отправлен в отставку	0	0.2507329533103557
Победитель Де Ла Хойи проведет бой с победителем Цзю	0	0.10125384859319972
Правительство проиндексирует минимальный размер взяток к лету 2021 года	1	0.9465091669576696
В ЦАХАЛ появится казачья рота	0	0.16659149363623343
На острове Русский во Владивостоке появился проспект Си Цзиньпина	1	0.8811545557643198
Разобрали за 3 часа: в Варшаве открылся магазин с атрибутикой от Лукашенко	1	0.9801454265500477
В законодательство предложили ввести понятие семья-иноагент	1	0.8882220257470553
Найден неизвестный портрет кисти Веласкеса	0	0.02569186875423824
Белорусский суд лишил «Комсомольскую правду» ордена Ленина	1	0.8824692660040505
EADS обвинили в нечестном участии в тендере ВВС США	0	0.11784247597038719
Блокировку нецензурной лексики в интернете поручат рабочим металлургических предприятий	1	0.8340663187302902
Илон Маск выкупил у Казахстана «Гагаринский старт»	0	0.4138392116992478
Голубятни обяжут получать лицензию на оказание услуг связи	0	0.295346411822156
Навальный на деньги ФБК покупал подарки чиновникам, чтобы обвинить их в коррупции	1	0.9955429099333342
Евросоюз будет собирать с российских туристов налог на глобальное потепление	1	0.6384662285323169
На открытии обновлённой Парижской филармонии симфонический оркестр исполнит одну из композиций Моргенштерна	1	0.9684269362620692
Для удобства хранения сбережений Центробанк выпустит серию банкнот номиналом от 100 млн до 1 млрд рублей	1	0.9922969494352166
Россия получила японский кредит	0	0.014382100352018812
Набоков и Брызгалов разделят игровое время на Олимпиаде-2010	0	0.23721137491734418
В Саратове ветерана ВОВ поздравили с Днём Победы «Лебединым озером»	1	0.9746335767864127
Россия снизит пошлины на четыре тысячи товаров	0	0.045110132665248166
В Румынии объявили тендер на уничтожение Приднестровья	1	0.807612489392557
Москвичам разрешат провести ночь в музее	1	0.7656212944903157
Аркадий Ротенберг заявил, что владеет Спасской башней Кремля и частью Алмазного фонда	1	0.9538286332150452
Линдсей Лохан лишилась второй роли за год	0	0.023963651035240403
Apple представила эко-версию iPhone 13, распространяемую без упаковки	1	0.720839513295817
Названа причина нового глобального кризиса	0	0.006831028219510331
Группе «Тараканы!» отказали во въезде на Украину	1	0.6804186139986586
Google сократит 4000 рабочих мест в Motorola Mobility	0	0.4708662379623619
Вышел трейлер новых «Елок»	0	0.0012119589807098837
Ростуризм предложил обменять сгоревшие путевки в Турцию на поездку по Золотому кольцу России	1	0.9318516646721386
«Это наш подарок съезду»: крестьяне Таймыра первыми завершили уборку картофеля	1	0.9462753325269578
Гонка с препятствиями «Стань человеком-3» пройдет в Москве 3 и 4 октября	1	0.748885130385692
Путин затруднился назвать размер зарплаты Сечина	0	0.15243748115634898
Минпросвещения предложило убрать из школьной программы иностранные языки	1	0.997606695636898
Гарри Маркл не поедет на похороны своего дедушки, если ему не вернут зарплату принца	1	0.981133887650046
Руководителем российской космической программы назначен Мюнхгаузен	0	0.3727231459524887
Ведущие лингвисты страны предложили изъять из русского языка предлог «из»	1	0.9910158612053752
Геофизики определили «потерянный элемент» ядра Земли	0	0.12243860232889374
Гнилостные грибы помогут улучшить звучание скрипок	0	0.18107538858602645
Россия эвакуирует украинских наёмников, застрявших в Кабуле, в Луганск	1	0.8857492116534355
Дэниел Рэдклифф объяснил свое отсутствие на предпоказе спектакля о Гарри Поттере	1	0.5866538281018572
Эксмо начало переговоры о поглощении группы АСТ	0	0.19778971813703974
Банки поделятся биометрическими данными россиян с коллекторами	0	0.4145868764118696
Обладатель прав на песни Цоя подал в суд на «ВКонтакте»	1	0.5379214968270273
Dell выпускает компьютер для геймеров за 10000 долларов	0	0.1853869824754966
Домодедово заявило о незначительном удорожании билетов от повышения сборов	1	0.7394213756055872
Сборная России по футболу сыграла вничью с Кот-дИвуаром	0	0.03015391650622344
Новый порядок госзакупок за год сэкономит 230 миллиардов рублей	0	0.09946682266423798
«Отряды Путина» пригрозили выпороть ремнём «маленьких навальнят» 23 января	1	0.8650725892230867
Карпин и Федун оценили результаты жеребьевки Лиги чемпионов	0	0.026355786092094623
Белоруса с коронавирусом, намеренно ходившего на приёмы к чиновникам, задержали в РОВД	1	0.9974602422486967
Гей-драма о Сергее Эйзенштейне выйдет в российский прокат	0	0.05403682927587839
Китайский космический зонд «Тянвэнь-1» сфотографировал поместье Дмитрия Рогозина	1	0.8995390699535291
Дмитрий Козак провел заседание оргкомитета Российского инвестиционного форума	1	0.9453601136206737
Режиссер Роб Коэн лишился средневекового проекта	0	0.0063472184300075235
Телефонные гарнитуры для колл-центров внесут в список разрешенных предметов для передачи в места лишения свободы	1	0.9989174317404315
Столицу России официально перенесут в Сочи	0	0.1565398252751096
Камеру на Рублёвском шоссе демонтировали из-за клеветы на чиновников	1	0.8331863548190708
Ведущим обновлённого «Поля чудес» будет Дмитрий Нагиев	1	0.8263265485557393
В Сызрани задержан шпион, передававший Украине сведения о конструкции ракеты «Сатана»	1	0.9665939630187276
Отдыхающие в Египте россияне пожаловались на засилье иностранцев на курортах в период пандемии	1	0.9797026164625777
Мэйуэзер дебютирует в MMA	0	0.0023534821791625746
Илон Маск посетовал на невозможность ускорить выход Half-Life 3	1	0.5182464879712361
Обновление 5G чипов после вакцинации появилось на портале Госуслуги	1	0.9558346366799937
Комедия «Горько!» сместила «Сталинград» с первого места в прокате	1	0.5675759006891392
Росавиация разрешила не включать в стоимость авиабилетов взлёт и посадку	1	0.7430466453872101
Роналду расстался с «Мисс Испания-2014»	0	0.007337903618458427
Москвичи фейерверками подожгли здание посольства Польши	1	0.5063854295917251
Acer выбрал себе нового президента	0	0.014852356442353323
В Новосибирске прошли соревнования по скоростному сжиганию покойников	1	0.7444720487452703
Зампред ЦБ предрек значительный рост в 2016 году банковских вкладов россиян	1	0.5574720581222723
Самки дельфинов научились готовить себе еду	0	0.04171001420412763
Каждому россиянину установят план по деторождению	1	0.610771420758469
Процесс принятия решений отследили на клеточном уровне	0	0.04539185638487139
Уличённого во взятке сотрудника ГИБДД Таганрога лишили звания маршала	1	0.9692718892175315
Доктор Мясников призвал россиян делать меньше вдохов	1	0.7084722915233814
Киев купит миллиард кубометров российского газа до конца недели	0	0.07440678585877
Скончался бывший исполнительный директор РУСАДА Никита Камаев	0	0.4584882217359334
В Госдуме предложили продавать в метро настоящие дипломы вузов	1	0.9427805448003453
Сбербанк объявил о покупке Саратовской области	0	0.11969477049301971
«Простите меня, уральцы, я просто редко бывал в Омске»: Жириновский пересмотрел своё мнение насчёт самого тупого региона России	1	0.9999809890764785
Школьников, сдающих ЕГЭ по истории, заставили написать опровержение обзоров BadComedian	1	0.9900535284154383
Смартфоны в России подешевели на 19 процентов	0	0.007211319327295594
В России появилась первая улица имени Фанни Каплан	1	0.7707248169701097
Мадонна возглавила американский чарт	0	0.01853898636106555
Битловский фильм A Hard Days Night оцифрован и заново вышел в прокат	0	0.09458123375453177
Рэппер T.I. не смог получить премию из-за пулеметов	0	0.22663400708347023
Фирташ решил купить остановленный ТНК-BP завод	0	0.039715499774809884
Турция передаст Украине купленный у России комплекс С-400	0	0.27931187938827373
Экипаж МКС задержится на орбите из-за аварии Прогресса	0	0.07346917687787545
Совершена попытка захвата Братского лесокомбината	0	0.20832697296353242
Россиян, не желающих вакцинироваться от коронавируса, будут депортировать в страны Евросоюза	1	0.9998553650661527
Верховный суд подтвердил право граждан СССР на получение бесплатных квартир	1	0.9936842896841677
Медведев признал ошибки пенсионной реформы	0	0.39524642299286267
Мошенники под видом сотрудников ФБК провели обыск у прокурора в Татарстане	1	0.984271894196721
Супермаркеты Москвы ограничат продажу мяса на время Великого поста	1	0.7673887350750566
Джо Байден получил медаль За успехи в джихаде	1	0.5990208045665814
Макрон извинился перед мигрантом, давшим ему пощёчину	1	0.6734164445732563
Представитель Кержакова опровергла информацию о работе игрока на «Матч ТВ»	0	0.24992304483838376
Полиция опровергла слухи о смерти Пола Гаскойна	0	0.009382850012730374
Россия стала лидером по закупкам норвежской рыбы	0	0.09716922962049253
В Лондоне покажут неизвестный прижизненный портрет Шекспира	0	0.05448763377266836
«Звездные войны» стали самой популярной игрой для iPad в России	0	0.09826035745602907
Тренер Челси нашел причину неудач Фернандо Торреса	0	0.05237706628155869
Президент шахматной федерации США ответил на обвинения Илюмжинова	0	0.20039045591978924
Интервью с двойником Ельцина к 30-летию августовского путча: «Вообще я человек непьющий, но тогда я хорошенько поддал»	1	0.9996558711717077
Жан Рено и Стив Мартин приедут в Москву	0	0.13502396895988986
В Катаре продан самый дорогой ковер в мире	0	0.011829118234387708
Переводчик назвал победительницу «Евровидения» коровой и подставил Нетаньяху	1	0.653158024336368
Российские микробы оказались полезнее финской чистоты	0	0.05846197596426559
Бог Кузя стал кандидатом от «Умного голосования» во Владимире	1	0.7303619462648311
Ученые определили идеальную диету для секса	0	0.03983163202619938
Из Всероссийской переписи населения убрали пункт о национальности	1	0.9570294717521931
Родственники Александра Солженицына через суд добились его захоронения в мавзолее на Красной площади	1	0.9921695557986298
Группа чеченских алкоголиков получила политическое убежище в Евросоюзе	1	0.7236242829603385
Угнанная Lamborghini, экспонировавшаяся на Иннопроме, возвращена дагестанскому владельцу	1	0.9901828682562657
Sony официально анонсировала новую модель PSP	0	0.055818608115164814
Экономный россиянин рассказал, как целый год смог обходиться одним рулоном туалетной бумаги	1	0.9850339637876844
Московский суд оправдал таксиста, избившего антипрививочника	1	0.9555310757188242
В аргентинских школах покажут матчи ЧМ-2006	0	0.005369456546425379
«Зенит» проиграл новичку чемпионата России	0	0.0046282910982993666
Специалисты по ролевым играм будут работать в новом жанре	0	0.3148875510483319
Эксперты заявили о поджоге Троицкого собора	0	0.11674051393970958
Хедлайнерами Coachella-2012 станут The Black Keys и Radiohead	0	0.183901910860193
Переход на зимнее время произойдёт не во всех регионах России	1	0.8674645149590179
Русал обвинил руководство Норникеля в безответственности	0	0.08767476406938048
Белоруссия потратит новый кредит от России на разворачивание аналога китайской системы общественной безопасности	1	0.996023548572672
РЖД сделает платными туалеты в поездах	0	0.4647822414550872
Феникс избрал новую тактику сбора образцов	0	0.1626585499381909
Кейт Уинслет объяснила хранение «Оскара» в ванной комнате	0	0.014544624014132479
В Генштабе начались учения по эвакуации детей чиновников в случае разрыва отношений с Евросоюзом	1	0.9721313878119007
Из лондонской галереи украдены драгоценности Мэрилин Монро	0	0.15972898353280865
Антимонопольщики уличили таможенников в нарушении закона о госзакупках	0	0.37898670028768777
В правительстве допустили начисление социальных выплат баллами «Спасибо»	1	0.8801624252189184
Фотонную нейронную сеть научили считать	0	0.11168024863480851
В Кемерово родился первый в России ребёнок с врождённым QR-кодом	1	0.9428726885867944
«Газпром» бесплатно газифицирует дома выходцев из России в Великобритании	1	0.8526695560583235
Новый закон позволит проводить митинги исключительно в ночное время	1	0.7733706525470746
Все артисты, имеющие недвижимость в США, будут признаны иностранными агентами	1	0.9963434898075813
Ольга Бузова стала членом-корреспондентом МГУ	1	0.894442370941758
Зенит обыграл в Москве Локомотив, но догнать Торпедо не смог	0	0.05845398481261574
РПЦ предлагает избавиться от имён языческих богов в названиях месяцев	1	0.9376793790371332
Кокорин вернулся и забил	0	0.002988569931521304
Корейскую еду признали полезной для космонавтов	0	0.28536144796959345
«Лестницу Иакова» переснимут	0	0.015876294777298957
На Украине прошли празднования 300-летия победы Карла XII в Северной войне	1	0.8966920999733936
ПФР потратит 290 миллионов рублей на оповещение пенсионеров, что размер выплат в России выше, чем на Украине	1	0.9991133946351874
Россия поможет перуанским ВВС отремонтировать вертолеты	0	0.23032333021775384
Крупнейшего производителя сахара в России оценили в 1,8 миллиарда долларов	0	0.0317837659907337
Названы сроки переворота магнитных полюсов Земли	0	0.04875623400747383
Российский банк развития в пять раз увеличит кредитование предпринимателей	0	0.0574205033138047
Многодетным семьям выделят бесплатные презервативы	1	0.5372500106403774
Лионель Месси проиграл выборы лучшего спортсмена Аргентины	0	0.12286953397755207
Грета Тунберг: «Мы очищали планету вместе с Брейвиком»	1	0.6398754396364258
Космонавт заснял с орбиты экологическую катастрофу	0	0.08145825344982043
Власти Испании по ошибке кремировали тело Джона Макафи	0	0.18819960321435272
AMD показала внешнюю видеокарту для ноутбуков	0	0.04823755736803997
«Русал» приостановил производство на Богословском заводе	0	0.09966169677948834
Лосьон «Огуречный» разрешат продавать вместе с алкогольной продукцией	1	0.7773638906140756
Глава МЭФ приказал поголовно вакцинировать население планеты от всех вирусов	1	0.8851693859661032
На Пасху украинские дроны будут сбрасывать конфеты Roshen на жителей Донецка	1	0.855287050083468
В доходной части бюджета недосчитались 250 миллиардов рублей	0	0.04496253601060812
В Госдуме предложили конфисковывать квартиры митингующих в пользу раненых силовиков	1	0.9908838764505769
Ученые выбрали места для поиска жизни на Марсе	0	0.010219723014185458
Россия-1 покажет 9 мая спектакль Голая пионерка	0	0.040177112557672194
Почта «Яндекса» защитит от прочтения находящиеся в пути письма	0	0.3618349128426093
Спустя 16 лет Сатана вновь взлетит из шахты	0	0.01664825493840948
BP заплатит 4,5 миллиарда долларов за разлив нефти	0	0.003902011404574645
Matsushita выпустила новый DVD-рекордер для 50-гигабайтных дисков	0	0.4530738082807034
Итальянцы поместили Владимира Соловьёва на доску почета за помощь в борьбе с коронавирусом	1	0.9757978634536789
Россия предлагает МВФ сотрудничество до 2003 года	0	0.18032447590809403
Минздрав просит всех привившихся вакциной «Спутник V» срочно прийти в поликлинику для обновления прошивки микрочипа	1	0.9992792626001971
«Брянск-Север»: хакеры взломали пароль Пентагона	1	0.72185642252202
Вышел трейлер горнолыжной драмы «Со дна вершины» с Вдовиченковым	0	0.15431033024950833
Эллен Пейдж займется режиссурой	0	0.006744339753953199
Вор должен сидеть в тюрьме: Жерар Депардье объяснил россиянам, почему Навальный должен получить реальный срок	1	0.9996640031373086
Сбербанк провел первый платеж с помощью блокчейна	0	0.1480606588224458
Потерявшего власть президента Гвинеи лишили российского Ордена Дружбы	1	0.7443991441704397
Средняя зарплата китайских заключённых превысила 1500 долларов в месяц	0	0.16987994552212546
Начались раскопки античного города Клатерна	0	0.4410459266422062
Названы самые возбуждающие песни	0	0.00353208591332232
В Госдуме предложили распространить закон об иноагентах на антироссийские идеи	1	0.9835222970110343
Терминатор потерпел поражение от Веселого Роджера	0	0.04605596957040688
Посол Таджикистана вызван в МИД России из-за некачественного ремонта кремлевской стены	1	0.9853418587296034
Флаги Латвии и Литвы на Петербургском международном экономическом форуме заменили флагом Третьего рейха	1	0.9700303368017279
Гуус Хиддинк поменял состав сборной России	0	0.026286145797605492
Илон Маск попал на сайт «Миротворец»	0	0.3118215274936035
Греф уводит государство из экономики	0	0.008436688263507559
Юрий Шатунов: «Навальный давно никому не интересен»	1	0.8948263130241116
В США начались финальные тесты теннисного видеоповтора	0	0.05315956021955582
Франция объявила в международный розыск Мишкина и Чепигу	0	0.27761312023831153
Пол Маккартни назван самым богатым музыкантом Великобритании и Ирландии	0	0.3557808437370009
Собянин объявил о начале работ по замене плитки на Красной площади	1	0.9606108675850055
Состав Госдумы увеличат до тысячи депутатов	1	0.6567290133145932
Вольский создает политбюро для олигархов	0	0.015832610017655683
Угнанный крейсер «Аврора» вернули на место	0	0.29792668843797243
Альбом сайд-проекта Arctic Monkeys выйдет приложением к газете	0	0.051673380209871604
Дмитрий Киселёв оштрафован на 50 тысяч рублей за упоминание фамилии Навальный	1	0.9903314472238944
Сергей Собянин утвердил план работ по укладке плитки в московском метро	1	0.9222678603144476
Высокая скорость столкновения галактик мешает рождению звезд	0	0.16052011733228586
Арбитр матча Германия — Англия отчислен с ЧМ-2010	0	0.008014230824524127
Ольга Бузова стала почетным магистром клуба Что? Где? Когда?	1	0.9875854598401766
Россия и Венесуэла создадут совместный банк	0	0.0306745960725689
Запуск первого туркменского спутника вновь отложен	0	0.017066509704748406
Правительство сократило имущественный взнос в Олимпстрой	0	0.2141412553031026
Три генерала подали в отставку из-за смерти хоккеиста Черепанова	0	0.26467772800476724
Samsung выпустит телефоны с гибким экраном в 2012 году	0	0.14236043628679748
В России повысят призывной возраст до 30 лет	0	0.43317161583095126
Александр Лукашенко обманул телефонных мошенников и повесил на них несколько кредитов	1	0.9789687639591409
Россияне горячо поддерживают предвыборную программу партии «Единая Россия»	1	0.9745631735338791
ЦСКА подал жалобу на судейство в матче с Аланией	0	0.007117215534342564
Партия Саакашвили внесла в парламент законопроект, запрещающий Владимиру Познеру отмечать дни рождения в Грузии	1	0.9992431348674548
Патриарх Кирилл запретил прощать либералов в Прощёное воскресенье	1	0.9434432892423845
Дворкович сообщил подробности блокировки украинских фур в России	0	0.04496979444013871
Россиян разрешили кормить мучными червями	1	0.9392705817709508
Театральные буфеты перестанут обслуживать иноагентов	0	0.3789634350213595
Патриарх Кирилл: российский народ сейчас обеспечен всем, кроме самого главного – госидеологии	1	0.9846032698863788
Из-за угрозы «Умного голосования» выборы в Госдуму пройдут на безальтернативной основе	1	0.9848637369904161
Транснефть не учла ЮКОС в своем графике экспорта нефти	0	0.01001791883938587
Крейсер «Аврора» раскрасят во все цвета радуги	0	0.14644836906769207
Евросоюз введёт санкции против России и Китая из-за застрявшего судна в Суэцком канале	1	0.9931782879964272
Минобороны отказалось от серой окраски самолетов	0	0.10849745154702925
Россвязь разрешила использовать iPhone 4	1	0.5085764348040162
Во Франции запретили фильм Ларса фон Триера «Антихрист»	1	0.646532565429983
Прокуратура отклонила иски Кервьеля к Societe Generale	0	0.038601640800195985
Режиссер Бумера снимет фильм о Владимире Высоцком	0	0.029434951823742183
Палестинец похищал воду из кранов жителей Еврейской АО	1	0.637034551208693
Российский ВВП сократился на 1,4 процента	0	0.00663271510227405
Роскомнадзор обязал YouTube проигрывать гимн России перед роликами	1	0.9853101051377163
Полиция возбудила дело о реабилитации нацизма из-за надписи «Володин — ахтунг» на стене Госдумы	1	0.986638791318405
Ирак возобновил экспорт нефти в полном объеме	0	0.004437551067533152
В Китае ввели условную смертную казнь для партийной элиты	1	0.7829451286679074
Силовики пресекли работу крупного овощного рынка, на котором незаконно продавался укроп	1	0.9299339615628543
Для помощи в тушении лесов в России введут акциз на спички и зажигалки	1	0.9605504535612955
Amnesty International осудила Россию за отсутствие СИЗО для трансгендеров	1	0.984957379948569
Бельгия вышлет королевскую семью в Конго в качестве компенсации за многолетнее угнетение	1	0.9591887509170485
Мосгордума передаст столичным властям контроль за сложными зданиями	1	0.8861757100526504
В Швейцарии раздавили бульдозерами 2 тонны российских молокосодержащих сыров	1	0.8625686935472721
Салават Юлаев вышел в лидеры Восточной конференции	0	0.0603960325299562
На Валдайском форуме принято решение развивать российскую экономику	0	0.2619808607545783
Путин вручил госнаграду создателю сериала «Улицы разбитых фонарей»	0	0.4024313521470442
Минкомсвязи выделит 450 миллионов рублей «Почте Крыма»	0	0.23399668693236406
Григорий Явлинский: «Этот дом я выиграл в лотерею для вакцинированных от коронавируса»	1	0.9991388472782495
Майкл Джексон снова попал в больницу	0	0.0030076180178870275
Полет Су-30 напомнит России о Чкалове	0	0.04954636652431839
Семейка Аддамсов превратится в мюзикл	0	0.013680504180737373
BFG-tech выпустила новую AGP-видеокарту GeForce 7800 GS	1	0.7432294179046545
В Госдуме рассмотрят законопроект о праве работодателей увольнять беременных женщин	1	0.9932525193767168
После подписания закона об обязательном представительстве иностранных IT-компаний в России Rule34 откроет свой офис в Москве	1	0.9996862422194486
Скандальная скульптура «Большая глина No 4» стала местом встречи представителей московских ЛГБТ-сообществ	1	0.9916291563318651
Центробанк России провёл учения по переводу расчётов в WeChat	1	0.5451462066073796
Disney превратит Пиратов Карибского моря в ролевую игру	0	0.03675735196331561
Футболист Тарасов развелся с телеведущей Бузовой	0	0.12267659772357634
Ростехнологии закупят самолеты для Аэрофлота	0	0.27060331703138757
Ванга: «После ядерного удара на Земле останутся двое: королева Елизавета и лысоватый мужчина с усами»	1	0.994088644663029
Гандболисты России вышли в четвертьфинал чемпионата мира	0	0.010302304148037985
Мэрия Норильска запретила ежегодный гей-парад металлургов	1	0.891629325138459
Газпром предлагают заставить пускать независимых производителей к трубе без отказа	1	0.5446009942748585
Диего Марадона убрал двойной подбородок	0	0.061605100713280105
В Москве и Санкт-Петербурге выступят звезды мировой скрипичной музыки	1	0.6609865442703391
В Госдуме призвали ограничить право представителей ЛГБТ-сообщества на получение бесплатного высшего образования	1	0.9998550664309731
В России запретят показывать научные телепередачи до полуночи	1	0.8571494677308495
Европейских политиков обяжут отправлять записи всех своих телефонных разговоров в АНБ в течение 24 часов	1	0.9915157768253948
Дочка ЮКОСа не получит денег материнской компании	0	0.024145995138165018
Бургомистр Кёльна заявил, что примет с распростёртыми объятиями беженцев из Афганистана	1	0.991072902690857
ГосНИИОХТ к годовщине отравления Навального выпустил улучшенную версию «Новичка»	1	0.9604156825032676
Германия вышлет 76 российских дипломатов из-за проведения парада Победы	1	0.9241102176492606
Аспирин назвали спасением от рака	0	0.005691832714770587
Пьяные белорусский и российский дальнобойщики, работающие в Польше, атаковали дом премьер-министра	1	0.9995422101152168
Футболисты молодежной сборной Чили подрались с полицией	0	0.013305011180312572
Директор Федерального бюро тюрем США выразил сожаление, что не сможет посетить СИЗО «Лефортово» из-за российских санкций	1	0.9991183422066441
Ринго Старр оказался самым богатым барабанщиком мира	0	0.007211151229268688
Группа Van Halen воссоединится со своим первым вокалистом	0	0.3055280899445369
Наследница империи LOreal призвала ввести налог на богатых	1	0.6899834177653942
Ахметов отказался менять капитана Шахтера на газ	0	0.0354020677783116
Чиновникам разрешат сбивать пешеходов, россиян попросили уменьшить размер блинов, празднование 8 марта и мудрые решения Роскомнадзора в нашей еженедельной рубрике «Панорама недели»	1	0.999999944886031
В Москве стартует онлайновый театральный фестиваль	0	0.12348981681779789
НАТО решилось на покупку беспилотников	0	0.09126519610653215
Ак Барс усилился финном из НХЛ	0	0.01449237569420794
Роскомнадзор заблокировал американский интернет на время проведения выборов в Госдуму	1	0.9978458185027539
Российскому режиссеру запретили возводить стену в центре Берлина	0	0.4149733232420041
Таможенники США приняли участниц южнокорейской группы Oh My Girl за проституток	1	0.922452394406392
Патриарх Кирилл упрекнул «Коммунистов России» в препятствовании канонизации Иосифа Сталина	1	0.9954756323589752
ВМС Норвегии получили последний фрегат класса Фритьоф Нансен	0	0.42408355667546566
Детская книга Как Путин с Шойгу в тайгу ходили начала поступать в российские школы	1	0.9919474758591657
Рабочие завода «Звезда» объявили забастовку в поддержку Владимира Путина	1	0.7898312019926711
В ЦБ рассказали о копеечном ущербе от кибератак	0	0.011733315673918072
Социальный рейтинг россиян приравняют к количеству их антител	1	0.7055219290665975
Майкл Бэй обещает эпических Трансформеров	0	0.02132207813366682
В России создадут институт полевых антиэкстремистских судов	1	0.5827351203529675
Британские ЛГБТ-активисты посетят заводы Челябинска и Магнитогорска	1	0.738193339708294
МИД России запретил ЦРУ нанимать на работу российских граждан	1	0.985363467551631
В морском дне нашли массивные залежи пресной воды	0	0.3853931982628513
Московским автовладельцам придется раскошелиться	0	0.22888797500829852
Программисты будут платить налог на развитие суверенного интернета	1	0.533773610192358
Разбившийся украинский Су-27 оказался непригоден для полетов	0	0.04440992654609756
Белоруссия впервые победила США на чемпионате мира по хоккею	0	0.021596988685685898
Обзор рынков: доллар подешевел почти на 11 копеек	0	0.012400708980113284
Жизненно важные органы не задеты: врачи спасли жизнь TikTok-блогеру, отпилившему себе голову бензопилой ради лайков	1	0.9976658582301001
В Москве зафиксированы первые голодные смерти из-за отказа ресторанов обслуживать посетителей без QR-кодов	1	0.9990494709520895
Amazon начал прием заказов на заводные ноутбуки	0	0.04588904949408206
Объем слияний в российском потребсекторе достиг 15 миллиардов долларов	0	0.022225534447971294
Памфилова разрешила аннулировать голоса за кандидатов от Умного голосования	1	0.9566082400109899
Легкоатлет случайно убил судью	0	0.005698470680649802
Погорельцы смогут получить скидки на покупку стройматериалов	0	0.14121393998781656
Итальянский суд конфисковал виллу Владимира Соловьёва в пользу Республики Тыва	1	0.9140607706054771
В Казани отпраздновали годовщину сожжения Москвы Тохтамышем	1	0.5778958106176987
Сценариста НТВ короновали в воры за сериал Точка фарта	0	0.32178432302927407
Роскомнадзор внёс в список экстремистских материалов фильм «Девятая рота»	1	0.869334891789207
Сергей Собянин объявил об уходе с поста мэра Москвы	0	0.4871248865900127
Компания Sun Microsystems уволит три тысячи сотрудников	0	0.06051533655453351
Японского изобретателя робота-сборщика клубники внесли в базу «Миротворца»	1	0.7182607913873122
Майли Сайрус выложила провокативный тизер нового клипа	0	0.07610573413329631
Блогеров, снимающих ролики для TikTok, поставят на учет в полиции	1	0.7856428809379168
Россия поставит в Казахстан и Лаос вертолеты Ансат	0	0.025187628848302175
ИК-2 во Владимирской области внесена в список организаций-иноагентов	1	0.9715227243820028
Парагвай обыграл Словакию на ЧМ-2010	0	0.0009909124171758154
Турция отправит миротворцев в Армению для защиты коренного населения страны	1	0.957905809648458
«Газпром» бесплатно проведет газ в отдалённые кубинские деревни	0	0.4091484540115232
Пакистан провел испытания улучшенной версии баллистической ракеты	0	0.2675538592591085
Кактус, посаженный рядом с 5G-вышкой, засох через полчаса	1	0.5368732040999235
Росстат будет считать зарплату россиян в копейках	0	0.23919017970009568
Алекперов назвал срыв контракта с Ираком местью политикам	0	0.03490330626776878
Пол Маккартни устроил спонтанный концерт на Таймс-сквер	0	0.21478567682928604
Ильюшин продал самолетов на миллиард долларов	0	0.005667513929368488
Вымпелком купил сотового оператора в Камбодже	0	0.013839301095421285
В США дисквалифицировали выигравшего чемпионат без соперников 60-летнего ходока	0	0.09317815039494144
Игра про правильное время: Геннадий Зюганов посоветовал включить прохождение Бесконечного лета в школьную программу	1	0.999791949106738
Посвященные Pussy Riot рисунки сняли с феминистской выставки	0	0.2702064346336179
Орландо Блум назначен послом доброй воли ЮНИСЕФ	1	0.8538729732954168
Космонавт из Зимбабве заменит Юлию Пересильд в фильме «Вызов»	0	0.48526537123711844
Дагестанцев, сдавших ЕГЭ менее чем на 90 баллов, отправят на пересдачу	1	0.9921858371422938
У динозавра с самым коротким именем нашли крылья летучей мыши	0	0.22337642089606002
После Братьев и Сестер Сельянова привлекли шоферы	0	0.24450252703788375
Власти обязали москвичей старше 65 лет спать в масках и перчатках	1	0.879229702592894
В Лондоне открылась выставка Родченко	0	0.005311498886944332
Минпромторг разработал профессиональные нормы потребления алкоголя	1	0.6805633266095659
Из музея украли соху, с которой Сталин принял Россию	1	0.9161811564582405
Укрепление рубля связали с попыткой переворота в Турции	0	0.13627205022329786
Российские рыбаки украли 500 км подводного интернет-кабеля между США и Европой	1	0.6250755478369758
Депутатов, избранных по рекомендации Умного голосования, лишат неприкосновенности	1	0.9981173458391178
«Роскосмос» снабдит космонавтов инструкцией на случай вселения демонов в иностранных членов экипажа	1	0.9928522659374777
Российская фехтовальщица завоевала золото чемпионата Европы	0	0.0063327330594036835
МВД России предоставит автобусы для встречи Алексея Навального	1	0.9370973347617827
Глава ЦБ посоветовала российской экономике адаптироваться к новым условиям	0	0.18626666017328666
Минпромторг расширил список роскошных автомобилей	0	0.18357548590781034
Из-за аварии на подстанции «Ольгино» рейтинг «Единой России» обвалился на 60%	1	0.5786681567266622
Для обуздания инфляции в России введут продуктовые карточки	1	0.8482735454874503
КПРФ признали экстремистской организацией	1	0.8403617607886265
Производитель детского питания оказался на грани дефолта	0	0.136120569364496
Китайский геймер подделал документы ради спасения своего персонажа	0	0.41963712584905666
Самозанятых рэперов выпишут из категории музыкантов	0	0.06018782023297701
Роды в России станут платными	0	0.15039996738826666
Минфин начинает обмен коммерческого долга СССР на еврооблигации	0	0.14451997421866164
Amnesty International признала Иосифа Сталина жертвой политических репрессий	1	0.9752917677670113
Деятели культуры заступились за дом Волконских	0	0.34138436527936783
Рогозин пообещал запустить портреты ветеранов на Марс	0	0.29552251051451256
Эксперты прогнозируют стагнацию российской нефтедобывающей промышленности	1	0.5258305216534314
Кубок мира по лыжам выиграл чех Бауэр	0	0.0035550508545875307
Количество газетных киосков в России, продающих насвай, сократилось на 11%	1	0.9788095758736044
В Забайкалье обнаружен уникальный ребёнок, который протрезвевает в пять раз быстрее обычного	1	0.9543688170132021
В дни матчей Евро-2020 Дворцовый мост в Петербурге раскрасят в цвета ЛГБТ	1	0.7909253782923744
Сборная Германии по футболу потребовала у Польши открыть границу для беженцев	1	0.7402779072178536
Шарапова поднялась на седьмое место в теннисном рейтинге	0	0.03269885058231119
Полиции Балтимора запретили раскрывать информацию о преступлениях, если она способствует расовым стереотипам	1	0.9961246015428474
Украина будет строить Ан-70 с Боингом и Эйрбасом вместо России	1	0.7813647011433678
Робот Фёдор вступил в «Единую Россию»	0	0.2747532530001255
«Сделали ставку на совместную работу»: Герман Греф рассказал о готовящемся объединении Сбербанка и букмекерской конторы	1	0.9974585040891115
Собянин предложил Крыму перейти на электробусы	1	0.5800642998444223
Белорусские точки общепита будут закрыты для вакцинированных граждан	1	0.9807352795533248
Депутаты Татарстана переименовали должность президента республики в верховного хана	1	0.9971074152190237
Роснефть купила сервисные активы компании-банкрота ЮКОС	0	0.014021013499423331
Выросли продажи бензинов «Роснефти» на Петербургской международной бирже	0	0.14863998112053872
Злостным нарушителям закона о митингах ограничат доступ в Интернет	1	0.7703980917349804
Большой театр сохранил за Цискаридзе право на преподавание	0	0.31120859108100585
Украина потратила на газ 12 миллиардов долларов за год	0	0.06694749592320418
КГБ Белоруссии возобновил расследование убийства Кеннеди	0	0.20684917135194608
Тренер российских волейболисток сохранит пост после неудачи на Олимпиаде	1	0.5065174982543179
На новогодние выходные ГИБДД отключит камеры фиксации нарушений ПДД	1	0.9808296130767578
Мировые цены на нефть значительно снизились	0	0.0016767942429684094
Депутаты жалуются на двойников, принимающих иностранное подданство	1	0.939164653396102
Юрий Семин готов взять в сборную натурализованных легионеров	0	0.30721554795021966
«Беспрецедентный масштаб подмены анализов»: МОК расследует отсутствие допинга в пробах российских спортсменов	1	0.9530421053227475
Яндекс.Такси ввел функцию «Славянский водитель»	1	0.5948928191386564
Госдума приняла закон, разрешающий Назарбаеву участвовать в выборах 2024 года	1	0.9992773585761991
Газпром и Нафтогаз поправили газовые контракты в пользу Украины	0	0.09623957893737903
Вступление в ВТО увеличит экономический рост России на 1% в год	0	0.23196151378663002
Депутаты обсудят ограничение зарплат топ-менеджеров в госбанках	0	0.37467701694898614
В Санкт-Петербурге осудили сотрудницу музея Фаберже, несколько лет подряд красившую яйца на Пасху	1	0.9885450335426491
SMS-голосованием выберут больницу, которую посетит с рабочим визитом премьер-министр	1	0.9751224988416934
«Мордовия» победила на старте чемпионата России	0	0.1551987497950463
Южная Корея выбрала F-35	0	0.0016051938874899693
Надаль проиграл 135-й ракетке мира в первом круге Уимблдона	0	0.04317800283784717
Россия получит ремейки игр Kingdom Hearts в один день с Европой	0	0.0840368729645931
КАМАЗ представил не имеющий аналогов в мире электробус, работающий на бензине	1	0.9728528021406468
Мексика заморозила цены на продовольствие	0	0.013101776105335574
В Москве покажут Уорхола для коллекционеров	0	0.06572520990277866
Госдума рассмотрит возможность использования позорного столба в качестве наказания за мелкие правонарушения	1	0.998327072366162
Россия вооружила Индию противолодочным Морским змеем	1	0.5580059104896845
В музей Титаника в Нэшвилле передадут торпеду	0	0.17395815747420804
«Образованный революционер»: Алексей Навальный получил прозвище в СИЗО	1	0.9914839138713886
Доллар упал ниже 64 рублей на фоне дорожающей нефти	0	0.026754461087488156
В Румынии украли коня президента	0	0.20498335424678582
«Американский психопат» станет мюзиклом	0	0.01649588642158514
Турецкий «Галатасарай» на год отстранили от еврокубков	0	0.23925317431806636
Ридли Скотт покажет нового Чужого в сиквеле «Прометея»	0	0.04430184090358639
Белоруссия откажется от российского электричества	0	0.05496536953888692
Нобелевскую премию по литературе присудили Марио Варгасу Льосе	0	0.32645875272393526
Хоккеист «Питтсбурга» спас тренера от шайбы	0	0.019637130017281262
Журналисты узнали цену первого нетбука Nokia	0	0.007106137196126402
Долгое прощание Сергея Урсуляка показали на ММКФ	0	0.038686990226002756
Китайский губернатор лично положил 20 км асфальта, чтобы выполнить дорожный план провинции	1	0.952250230513944
Зеленский пригрозил ввести санкции против семьи Байдена, если Украину не примут в НАТО до конца года	1	0.9998438013083313
Бритни Спирс возглавила список знаменитостей по версии Forbes	1	0.504097172166804
На чемпионате мира по футболу впервые введут видеоповторы	0	0.03656771021763071
Наномагниты помогут изучать клеточные контакты	0	0.3238185066823401
Илон Маск потребовал запретить смертоносные роботы	1	0.9300062483645066
Госдума одобрила введение tax free в России	0	0.21405318690694733
Лейкерс разгромил чемпиона НБА во втором матче полуфинала	0	0.01165416699057855
Сафин выходит в третий круг после травмы соперника	0	0.007903125593399821
Центробанк отозвал лицензии у двух московских банков	0	0.03069209840084551
Россия и Венесуэла договорились о сотрудничестве по нефти и газу	0	0.017817783562731292
Валентина Терешкова предложила сделать Рассказы о Путине настольной книгой школьников	1	0.9787373731370661
Бывшему гендиректору Google подняли зарплату в миллион раз	0	0.0905624419593283
Россиян планируют перевести на шестидневную рабочую неделю	1	0.9313291550418835
Кубок УЕФА: испанцы забили немцам три пенальти и пять голов	0	0.14965351612546016
Уволенный президент Olympus подаст в суд на компанию	0	0.10569856433054947
Прокуратура заподозрила Явлинского в авторитарном стиле управления партией	0	0.45854634688866164
В День Победы стратегические ракетоносцы Ту-160 дадут боевой залп над Красной площадью	1	0.9721825376798521
СК возбудил дело против авиакомпании «Победа» за финансирование Навального	1	0.9366444490415
Криптомонетный двор Туркменистана выпустил юбилейные биткоины	1	0.8671029004517028
Deutsche Bahn заплатит рекордный штраф за чтение писем сотрудников	0	0.4743954734351675
